{
  "loss": [
    0.32145529985427856,
    0.025236748158931732,
    0.015718748793005943,
    0.014407817274332047,
    0.006683369167149067,
    0.006459498777985573,
    0.003797548823058605,
    0.002767419209703803,
    0.023685578256845474,
    0.0064482600428164005,
    0.0018447671318426728,
    0.0009127338998951018
  ],
  "accuracy": [
    0.9076512455940247,
    0.9949991703033447,
    0.9973328709602356,
    0.9954992532730103,
    0.9984997510910034,
    0.9986664652824402,
    0.9988331198692322,
    0.998999834060669,
    0.9941657185554504,
    0.9983330368995667,
    0.9996666312217712,
    0.9998332858085632
  ],
  "val_loss": [
    1.8545832633972168,
    1.334704875946045,
    0.12398290634155273,
    0.009491248987615108,
    0.011118286289274693,
    0.00031687383307144046,
    0.00017652053793426603,
    0.29659879207611084,
    3.6794464588165283,
    0.00026749263633973897,
    5.775031968369149e-05,
    8.006142888916656e-05
  ],
  "val_accuracy": [
    0.3429237902164459,
    0.47356143593788147,
    0.9782270789146423,
    1.0,
    0.9992223978042603,
    1.0,
    1.0,
    0.8794712424278259,
    0.34370139241218567,
    1.0,
    1.0,
    1.0
  ]
}