{
  "loss": [
    0.3318067491054535,
    0.025224458426237106,
    0.017459699884057045,
    0.010338516905903816,
    0.0062886448577046394,
    0.004767939914017916,
    0.002230935264378786,
    0.011900424025952816,
    0.03653161972761154,
    0.00496768020093441,
    0.0019330000504851341,
    0.001667397445999086
  ],
  "accuracy": [
    0.9052202105522156,
    0.9940215945243835,
    0.9956255555152893,
    0.9973753094673157,
    0.9986876845359802,
    0.9992709159851074,
    0.9995625615119934,
    0.9962087869644165,
    0.9943132400512695,
    0.9983960390090942,
    0.9995625615119934,
    0.9995625615119934
  ],
  "val_loss": [
    1.6016223430633545,
    0.8992369771003723,
    0.018608026206493378,
    0.0008821559604257345,
    0.006489685736596584,
    0.001179157174192369,
    8.394856558879837e-05,
    0.5081448554992676,
    0.0007612695917487144,
    0.0017941269325092435,
    0.0001665269664954394,
    0.0004186419246252626
  ],
  "val_accuracy": [
    0.6082352995872498,
    0.6917647123336792,
    0.99647057056427,
    1.0,
    0.9976470470428467,
    0.9988235235214233,
    1.0,
    0.841176450252533,
    1.0,
    1.0,
    1.0,
    1.0
  ]
}